Regions,Data Source,BeverageTypes,2019,2018,2017,2016,2015,2014,2013,2012,2011,2010
Antigua and Barbuda,"(FAO) 1962-1999; (FAO, GlobalData, IWSR) 2000-2018",All types,11.88,11.28,10.78,9.75,9.06,9.66,9.43,8.22,7.24,7.16
Antigua and Barbuda,"(FAO) 1962-1999; (FAO, GlobalData, IWSR) 2000-2018",Beer,2.97,2.97,2.85,2.77,2.68,2.59,2.63,2.68,2.74,2.78
Antigua and Barbuda,"(FAO) 1962-1999; (FAO, GlobalData, IWSR) 2000-2018",Wine,3.95,3.6,3.8,3.1,2.44,3.29,2.88,1.86,1.08,1
Antigua and Barbuda,"(FAO) 1962-1999; (FAO, GlobalData, IWSR) 2000-2018",Spirits,4.55,4.29,3.83,3.63,3.69,3.52,3.66,3.41,3.15,3.13
Antigua and Barbuda,"(FAO) 1962-1999; (FAO, GlobalData, IWSR) 2000-2018",Other alcoholic beverages,0.41,0.41,0.29,0.25,0.25,0.26,0.26,0.27,0.27,0.26
Argentina,(FAO) 1961-1979; (WDT) 1980-1999; WHO 2000-2010; Republica Argentina 2011-2018,All types,7.95,7.95,8.29,8.38,8.49,7.93,8.27,8,7.69,8.15
Argentina,(FAO) 1961-1979; (WDT) 1980-1999; WHO 2000-2010; Republica Argentina 2011-2018,Beer,3.62,3.62,3.62,3.62,3.39,3.37,3.35,3.29,3.5,3.32
Argentina,(FAO) 1961-1979; (WDT) 1980-1999; WHO 2000-2010; Republica Argentina 2011-2018,Wine,2.88,2.88,3.17,3.13,3.41,3.21,3.51,3.53,3.14,3.91
Argentina,(FAO) 1961-1979; (WDT) 1980-1999; WHO 2000-2010; Republica Argentina 2011-2018,Spirits,0.72,0.72,0.68,0.77,0.82,0.55,0.52,0.48,0.46,0.45
Argentina,(FAO) 1961-1979; (WDT) 1980-1999; WHO 2000-2010; Republica Argentina 2011-2018,Other alcoholic beverages,0.72,0.72,0.82,0.86,0.88,0.8,0.89,0.71,0.59,0.47
Bahamas,"(FAO) 1961-1999; (GlobalData, IWSR) 2000-2018",All types,9.48,9.3,9.32,9.3,9.27,9.22,9.23,9.37,9.23,9.21
Bahamas,"(FAO) 1961-1999; (GlobalData, IWSR) 2000-2018",Beer,3.66,3.66,3.66,3.66,3.65,3.81,3.75,3.68,3.6,3.48
Bahamas,"(FAO) 1961-1999; (GlobalData, IWSR) 2000-2018",Wine,1.43,1.3,1.34,1.46,1.39,1.22,1.34,1.43,1.25,1.31
Bahamas,"(FAO) 1961-1999; (GlobalData, IWSR) 2000-2018",Spirits,4.08,4.04,4.01,3.86,3.86,3.8,3.74,3.85,3.96,3.98
Bahamas,"(FAO) 1961-1999; (GlobalData, IWSR) 2000-2018",Other alcoholic beverages,0.31,0.3,0.31,0.31,0.36,0.38,0.39,0.42,0.42,0.44
Barbados,"(FAO) 1961-1999; (GlobalData, IWSR) 2000-2018",All types,9.94,9.99,10.03,10.22,9.68,9.27,9.05,8.9,8.69,8.66
Barbados,"(FAO) 1961-1999; (GlobalData, IWSR) 2000-2018",Beer,3.66,3.66,3.55,3.47,3.38,3.43,3.41,3.4,3.33,3.3
Barbados,"(FAO) 1961-1999; (GlobalData, IWSR) 2000-2018",Wine,1.36,1.39,1.51,1.78,1.52,1.2,1.19,1.08,1.08,1.19
Barbados,"(FAO) 1961-1999; (GlobalData, IWSR) 2000-2018",Spirits,4.75,4.78,4.8,4.8,4.6,4.46,4.27,4.22,4.07,3.97
Barbados,"(FAO) 1961-1999; (GlobalData, IWSR) 2000-2018",Other alcoholic beverages,0.17,0.16,0.17,0.18,0.18,0.18,0.18,0.2,0.2,0.21
Belize,"(FAO) 1961-1999; (FAO, GlobalData, IWSR) 2000-2018",All types,5.93,5.95,6.09,6.5,6.71,6.73,6.6,6.35,6.34,6.47
Belize,"(FAO) 1961-1999; (FAO, GlobalData, IWSR) 2000-2018",Beer,3.88,3.88,3.91,4.15,4.25,4.14,4.14,4.18,4.24,4.33
Belize,"(FAO) 1961-1999; (FAO, GlobalData, IWSR) 2000-2018",Wine,0.68,0.7,0.65,0.63,0.68,0.76,0.64,0.31,0.25,0.24
Belize,"(FAO) 1961-1999; (FAO, GlobalData, IWSR) 2000-2018",Spirits,1.19,1.24,1.4,1.57,1.64,1.68,1.66,1.71,1.7,1.75
Belize,"(FAO) 1961-1999; (FAO, GlobalData, IWSR) 2000-2018",Other alcoholic beverages,0.17,0.14,0.13,0.15,0.14,0.14,0.15,0.16,0.14,0.15
Bolivia (Plurinational State of),"(FAO) 1961-1999; (GlobalData, IWSR, OIV) 2000-2018",All types,2.98,3,3.05,3.12,3.15,3.17,3.21,3.24,3.3,3.37
Bolivia (Plurinational State of),"(FAO) 1961-1999; (GlobalData, IWSR, OIV) 2000-2018",Beer,2.22,2.22,2.26,2.31,2.36,2.4,2.38,2.44,2.52,2.63
Bolivia (Plurinational State of),"(FAO) 1961-1999; (GlobalData, IWSR, OIV) 2000-2018",Wine,0.14,0.14,0.14,0.16,0.13,0.13,0.16,0.14,0.16,0.16
Bolivia (Plurinational State of),"(FAO) 1961-1999; (GlobalData, IWSR, OIV) 2000-2018",Spirits,0.54,0.56,0.57,0.57,0.59,0.58,0.62,0.61,0.59,0.56
Bolivia (Plurinational State of),"(FAO) 1961-1999; (GlobalData, IWSR, OIV) 2000-2018",Other alcoholic beverages,0.08,0.08,0.08,0.07,0.07,0.05,0.05,0.04,0.04,0.02
Brazil,"(WDT) 1963-1999; (GlobalData, IWSR, OIV) 2000-2018",All types,6.12,6.19,6.25,6.37,6.63,6.91,6.86,7.12,7.13,7.16
Brazil,"(WDT) 1963-1999; (GlobalData, IWSR, OIV) 2000-2018",Beer,3.84,3.84,3.86,3.94,4.1,4.27,4.1,4.3,4.21,4.2
Brazil,"(WDT) 1963-1999; (GlobalData, IWSR, OIV) 2000-2018",Wine,0.24,0.24,0.24,0.23,0.24,0.25,0.28,0.25,0.29,0.3
Brazil,"(WDT) 1963-1999; (GlobalData, IWSR, OIV) 2000-2018",Spirits,2,2.07,2.12,2.17,2.26,2.35,2.46,2.53,2.6,2.63
Brazil,"(WDT) 1963-1999; (GlobalData, IWSR, OIV) 2000-2018",Other alcoholic beverages,0.04,0.04,0.04,0.03,0.03,0.03,0.03,0.03,0.03,0.03
Canada,(WDT) 1961-1992; Statistics Canada 1993-2018,All types,8,8.1,8.1,8.2,8,8.1,8.2,8.3,8.2,8.4
Canada,(WDT) 1961-1992; Statistics Canada 1993-2018,Beer,3.5,3.6,3.6,3.7,3.7,3.8,3.9,4,4,4.2
Canada,(WDT) 1961-1992; Statistics Canada 1993-2018,Wine,2,2.1,2.1,2.1,2,2,2,2,1.9,1.9
Canada,(WDT) 1961-1992; Statistics Canada 1993-2018,Spirits,2.1,2.1,2.1,2.1,2,2,2.1,2.1,2.1,2.1
Canada,(WDT) 1961-1992; Statistics Canada 1993-2018,Other alcoholic beverages,0.4,0.3,0.3,0.3,0.3,0.3,0.2,0.2,0.2,0.2
Chile,"(WDT) 1961-1999; WHO 2000-2015; (GlobalData, WHO ) 2016-2017",All types,7.8,7.8,7.77,7.73,7.89,7.92,7.23,8.35,7.02,7.55
Chile,"(WDT) 1961-1999; WHO 2000-2015; (GlobalData, WHO ) 2016-2017",Beer,2.76,2.76,2.73,2.69,2.85,2.79,2.67,2.55,2.51,2.35
Chile,"(WDT) 1961-1999; WHO 2000-2015; (GlobalData, WHO ) 2016-2017",Wine,2.61,2.61,2.61,2.61,2.61,2.85,2.37,2.65,2.51,3.1
Chile,"(WDT) 1961-1999; WHO 2000-2015; (GlobalData, WHO ) 2016-2017",Spirits,2.43,2.43,2.43,2.43,2.43,2.28,2.19,3.15,2,2.1
Chile,"(WDT) 1961-1999; WHO 2000-2015; (GlobalData, WHO ) 2016-2017",Other alcoholic beverages,0,0,0,0,0,0,0,0,0,0
Colombia,"(FAO) 1961-1962; (WDT)1963-1999; (GlobalData, IWSR, OIV) 2000-2018",All types,4.09,4.21,4.2,4.46,4.16,4.22,4.32,4.37,4.3,4.22
Colombia,"(FAO) 1961-1962; (WDT)1963-1999; (GlobalData, IWSR, OIV) 2000-2018",Beer,3.09,3.09,3.05,3.22,3.2,3.06,3.05,3.07,2.97,2.87
Colombia,"(FAO) 1961-1962; (WDT)1963-1999; (GlobalData, IWSR, OIV) 2000-2018",Wine,0.06,0.06,0.06,0.06,0.05,0.05,0.05,0.05,0.05,0.05
Colombia,"(FAO) 1961-1962; (WDT)1963-1999; (GlobalData, IWSR, OIV) 2000-2018",Spirits,0.92,1.04,1.08,1.16,0.9,1.09,1.19,1.23,1.26,1.28
Colombia,"(FAO) 1961-1962; (WDT)1963-1999; (GlobalData, IWSR, OIV) 2000-2018",Other alcoholic beverages,0.02,0.02,0.02,0.02,0.02,0.02,0.02,0.02,0.02,0.02
Costa Rica,"(FAO) 1961-1999; (GlobalData, IWSR) 2000-2018",All types,3.07,3.28,3.21,3.36,3.19,3.12,3.02,3.17,3.21,3.74
Costa Rica,"(FAO) 1961-1999; (GlobalData, IWSR) 2000-2018",Beer,2.17,2.39,2.36,2.5,2.26,2.19,2.14,2.16,2.2,2.09
Costa Rica,"(FAO) 1961-1999; (GlobalData, IWSR) 2000-2018",Wine,0.15,0.16,0.16,0.17,0.15,0.15,0.14,0.14,0.15,0.32
Costa Rica,"(FAO) 1961-1999; (GlobalData, IWSR) 2000-2018",Spirits,0.36,0.33,0.31,0.32,0.35,0.37,0.34,0.47,0.47,1.29
Costa Rica,"(FAO) 1961-1999; (GlobalData, IWSR) 2000-2018",Other alcoholic beverages,0.39,0.41,0.38,0.37,0.42,0.41,0.4,0.4,0.39,0.03
Cuba,"(WDT) 1961-1999; (GlobalData, IWSR) 2000-2018",All types,4.7,4.76,4.69,4.58,4.65,4.54,4.35,4.33,4.32,4.28
Cuba,"(WDT) 1961-1999; (GlobalData, IWSR) 2000-2018",Beer,1.77,1.77,1.74,1.73,1.8,1.75,1.71,1.66,1.64,1.62
Cuba,"(WDT) 1961-1999; (GlobalData, IWSR) 2000-2018",Wine,0.23,0.23,0.23,0.23,0.22,0.23,0.22,0.22,0.2,0.2
Cuba,"(WDT) 1961-1999; (GlobalData, IWSR) 2000-2018",Spirits,2.69,2.76,2.7,2.61,2.61,2.54,2.41,2.43,2.46,2.44
Cuba,"(WDT) 1961-1999; (GlobalData, IWSR) 2000-2018",Other alcoholic beverages,0.01,0.01,0.02,0.02,0.02,0.02,0.02,0.02,0.02,0.02
Dominica,"(FAO) 1990-1999; (FAO, IWSR, Wine Institute) 2000-2017",All types,6.32,6.32,6.75,7,7.16,7.03,9.69,9.61,9.65,9.79
Dominica,"(FAO) 1990-1999; (FAO, IWSR, Wine Institute) 2000-2017",Beer,1.64,1.64,2.07,2.27,2.22,2.22,2.2,2.18,2.13,2.08
Dominica,"(FAO) 1990-1999; (FAO, IWSR, Wine Institute) 2000-2017",Wine,0.29,0.29,0.29,0.29,0.29,0.24,0.41,0.27,0.28,0.39
Dominica,"(FAO) 1990-1999; (FAO, IWSR, Wine Institute) 2000-2017",Spirits,4.39,4.39,4.39,4.45,4.65,4.57,7.09,7.16,7.24,7.32
Dominica,"(FAO) 1990-1999; (FAO, IWSR, Wine Institute) 2000-2017",Other alcoholic beverages,0,0,0,0,0,0,0,0,0,0
Dominican Republic,"(FAO) 1961-1999; (GlobalData, IWSR) 2000-2018",All types,5.56,5.58,5.51,5.46,5.39,5.23,5.41,5.49,5.47,5.54
Dominican Republic,"(FAO) 1961-1999; (GlobalData, IWSR) 2000-2018",Beer,3.15,3.15,3,2.9,2.85,2.8,2.79,2.77,2.71,2.68
Dominican Republic,"(FAO) 1961-1999; (GlobalData, IWSR) 2000-2018",Wine,0.17,0.17,0.19,0.21,0.11,0.02,0.1,0.16,0.17,0.15
Dominican Republic,"(FAO) 1961-1999; (GlobalData, IWSR) 2000-2018",Spirits,2.18,2.2,2.26,2.3,2.35,2.35,2.45,2.5,2.53,2.64
Dominican Republic,"(FAO) 1961-1999; (GlobalData, IWSR) 2000-2018",Other alcoholic beverages,0.06,0.06,0.06,0.06,0.07,0.06,0.06,0.06,0.07,0.07
Ecuador,"(FAO) 1961-1999; (GlobalData, IWSR) 2000-2018",All types,3.05,3.03,2.89,3.14,3.69,3.81,3.78,3.92,3.99,3.97
Ecuador,"(FAO) 1961-1999; (GlobalData, IWSR) 2000-2018",Beer,2.32,2.32,2.28,2.51,2.99,2.99,2.96,2.88,2.78,2.67
Ecuador,"(FAO) 1961-1999; (GlobalData, IWSR) 2000-2018",Wine,0.09,0.08,0.07,0.06,0.06,0.08,0.05,0.07,0.05,0.07
Ecuador,"(FAO) 1961-1999; (GlobalData, IWSR) 2000-2018",Spirits,0.61,0.59,0.52,0.55,0.62,0.72,0.75,0.96,1.15,1.21
Ecuador,"(FAO) 1961-1999; (GlobalData, IWSR) 2000-2018",Other alcoholic beverages,0.03,0.03,0.02,0.02,0.02,0.02,0.02,0.02,0.01,0.02
El Salvador,"(FAO) 1961-1999; (GlobalData, IWSR) 2000-2018",All types,2.94,2.93,2.81,2.64,2.54,2.45,2.35,2.41,2.31,2.3
El Salvador,"(FAO) 1961-1999; (GlobalData, IWSR) 2000-2018",Beer,1.5,1.5,1.38,1.26,1.16,1.07,1.04,1,0.93,0.92
El Salvador,"(FAO) 1961-1999; (GlobalData, IWSR) 2000-2018",Wine,0.06,0.05,0.05,0.05,0.05,0.05,0.05,0.06,0.06,0.06
El Salvador,"(FAO) 1961-1999; (GlobalData, IWSR) 2000-2018",Spirits,1.37,1.38,1.37,1.32,1.32,1.32,1.25,1.35,1.32,1.32
El Salvador,"(FAO) 1961-1999; (GlobalData, IWSR) 2000-2018",Other alcoholic beverages,0,0.01,0.01,0.01,0.01,0.01,0.01,0.01,0.01,0
Grenada,"(FAO) 1961-1999; (GlobalData, IWSR) 2000-2018",All types,8.62,8.68,8.36,8.3,8.2,7.88,7.81,7.77,7.68,7.71
Grenada,"(FAO) 1961-1999; (GlobalData, IWSR) 2000-2018",Beer,3.54,3.54,3.38,3.39,3.33,3.32,3.35,3.35,3.33,3.33
Grenada,"(FAO) 1961-1999; (GlobalData, IWSR) 2000-2018",Wine,0.56,0.59,0.58,0.61,0.62,0.54,0.46,0.4,0.41,0.43
Grenada,"(FAO) 1961-1999; (GlobalData, IWSR) 2000-2018",Spirits,4.21,4.24,4.09,4.05,3.98,3.75,3.78,3.83,3.75,3.75
Grenada,"(FAO) 1961-1999; (GlobalData, IWSR) 2000-2018",Other alcoholic beverages,0.31,0.31,0.31,0.25,0.27,0.27,0.22,0.19,0.19,0.19
Guatemala,"(FAO) 1961-1999; (GlobalData, IWSR) 2000-2018",All types,1.63,1.63,1.61,1.6,1.65,1.69,1.83,1.91,2.05,2.03
Guatemala,"(FAO) 1961-1999; (GlobalData, IWSR) 2000-2018",Beer,0.9,0.9,0.9,0.91,0.9,0.94,0.93,0.93,0.86,0.83
Guatemala,"(FAO) 1961-1999; (GlobalData, IWSR) 2000-2018",Wine,0.05,0.05,0.04,0.04,0.04,0.04,0.04,0.04,0.04,0.04
Guatemala,"(FAO) 1961-1999; (GlobalData, IWSR) 2000-2018",Spirits,0.68,0.68,0.66,0.65,0.69,0.7,0.85,0.94,1.14,1.16
Guatemala,"(FAO) 1961-1999; (GlobalData, IWSR) 2000-2018",Other alcoholic beverages,0.01,0.01,0.01,0.01,0.01,0.01,0.01,0.01,0.01,0.01
Guyana,"(FAO) 1961-1989; (WDT) 1990-1999; (GlobalData, IWSR) 2000-2018",All types,5.11,5.13,5.18,5.34,5.48,5.84,5.72,5.72,5.64,5.56
Guyana,"(FAO) 1961-1989; (WDT) 1990-1999; (GlobalData, IWSR) 2000-2018",Beer,2.75,2.75,2.7,2.59,2.51,2.51,2.47,2.41,2.33,2.26
Guyana,"(FAO) 1961-1989; (WDT) 1990-1999; (GlobalData, IWSR) 2000-2018",Wine,0.04,0.04,0.03,0,0,0,0.01,0.02,0.02,0.01
Guyana,"(FAO) 1961-1989; (WDT) 1990-1999; (GlobalData, IWSR) 2000-2018",Spirits,2.3,2.32,2.43,2.71,2.94,3.3,3.22,3.26,3.26,3.26
Guyana,"(FAO) 1961-1989; (WDT) 1990-1999; (GlobalData, IWSR) 2000-2018",Other alcoholic beverages,0.02,0.02,0.03,0.03,0.03,0.03,0.03,0.03,0.03,0.03
Haiti,"(FAO) 1961-1999; (GlobalData, IWSR) 2000-2018",All types,2.85,3.12,3.13,2.95,2.78,2.69,2.85,2.43,2.36,2.28
Haiti,"(FAO) 1961-1999; (GlobalData, IWSR) 2000-2018",Beer,0.55,0.55,0.51,0.4,0.28,0.16,0.13,0.13,0.12,0.11
Haiti,"(FAO) 1961-1999; (GlobalData, IWSR) 2000-2018",Wine,0.03,0.03,0.03,0.01,0.01,0.02,0.01,0.01,0.01,0.01
Haiti,"(FAO) 1961-1999; (GlobalData, IWSR) 2000-2018",Spirits,2.26,2.53,2.59,2.53,2.47,2.5,2.7,2.28,2.22,2.15
Haiti,"(FAO) 1961-1999; (GlobalData, IWSR) 2000-2018",Other alcoholic beverages,0,0.01,0.01,0.01,0.01,0.01,0.01,0.01,0.01,0.01
Honduras,"(FAO) 1961-1999; (GlobalData, IWSR) 2000-2018",All types,2.73,2.84,2.67,2.53,2.49,2.42,2.7,2.71,2.71,2.69
Honduras,"(FAO) 1961-1999; (GlobalData, IWSR) 2000-2018",Beer,1.6,1.6,1.48,1.33,1.22,1.14,1.14,1.13,1.12,1.08
Honduras,"(FAO) 1961-1999; (GlobalData, IWSR) 2000-2018",Wine,0.04,0.04,0.04,0.02,0.02,0.02,0.04,0.04,0.02,0.02
Honduras,"(FAO) 1961-1999; (GlobalData, IWSR) 2000-2018",Spirits,1.09,1.2,1.15,1.17,1.25,1.26,1.52,1.53,1.56,1.59
Honduras,"(FAO) 1961-1999; (GlobalData, IWSR) 2000-2018",Other alcoholic beverages,0,0,0,0,0,0,0,0,0,0
Jamaica,"(FAO) 1961-1999; (GlobalData, IWSR) 2000-2018",All types,3.46,3.53,3.45,3.29,3.27,3.2,3.16,3.02,2.99,2.94
Jamaica,"(FAO) 1961-1999; (GlobalData, IWSR) 2000-2018",Beer,1.19,1.19,1.24,1.22,1.13,1.06,1.03,1.01,1,0.99
Jamaica,"(FAO) 1961-1999; (GlobalData, IWSR) 2000-2018",Wine,0.25,0.3,0.32,0.22,0.14,0.14,0.12,0.09,0.11,0.13
Jamaica,"(FAO) 1961-1999; (GlobalData, IWSR) 2000-2018",Spirits,1.66,1.69,1.58,1.59,1.79,1.82,1.85,1.79,1.75,1.7
Jamaica,"(FAO) 1961-1999; (GlobalData, IWSR) 2000-2018",Other alcoholic beverages,0.35,0.35,0.3,0.26,0.2,0.17,0.15,0.14,0.13,0.13
Mexico,"(WDT) 1961-1989; [International Consultants, S.C.] 1990-1999; (GlobalData, IWSR, OIV) 2000-2006; Mexico 2007-2016",All types,4.25,4.25,4.25,4.25,4.24,3.94,3.81,3.86,4,4.05
Mexico,"(WDT) 1961-1989; [International Consultants, S.C.] 1990-1999; (GlobalData, IWSR, OIV) 2000-2006; Mexico 2007-2016",Beer,3.72,3.72,3.72,3.72,3.59,3.38,3.28,3.41,3.53,3.53
Mexico,"(WDT) 1961-1989; [International Consultants, S.C.] 1990-1999; (GlobalData, IWSR, OIV) 2000-2006; Mexico 2007-2016",Wine,0.19,0.19,0.19,0.19,0.2,0.18,0.2,0.19,0.18,0.18
Mexico,"(WDT) 1961-1989; [International Consultants, S.C.] 1990-1999; (GlobalData, IWSR, OIV) 2000-2006; Mexico 2007-2016",Spirits,0.19,0.19,0.19,0.19,0.24,0.24,0.19,0.12,0.18,0.23
Mexico,"(WDT) 1961-1989; [International Consultants, S.C.] 1990-1999; (GlobalData, IWSR, OIV) 2000-2006; Mexico 2007-2016",Other alcoholic beverages,0.15,0.15,0.15,0.15,0.21,0.15,0.14,0.13,0.11,0.11
Nicaragua,"(FAO) 1961-1999; (GlobalData, IWSR) 2000-2018",All types,3.69,3.77,3.87,3.8,3.72,3.54,3.55,3.6,3.34,3.33
Nicaragua,"(FAO) 1961-1999; (GlobalData, IWSR) 2000-2018",Beer,1.57,1.57,1.6,1.52,1.44,1.38,1.34,1.31,1.31,1.31
Nicaragua,"(FAO) 1961-1999; (GlobalData, IWSR) 2000-2018",Wine,0.02,0.02,0.04,0.04,0.04,0.04,0.04,0.04,0.02,0.02
Nicaragua,"(FAO) 1961-1999; (GlobalData, IWSR) 2000-2018",Spirits,2.1,2.17,2.23,2.23,2.24,2.12,2.17,2.25,2.01,1.99
Nicaragua,"(FAO) 1961-1999; (GlobalData, IWSR) 2000-2018",Other alcoholic beverages,0,0,0.01,0,0,0,0,0,0,0
Panama,"(FAO) 1961-1999; (GlobalData, IWSR) 2000-2018",All types,6.54,6.56,6.79,6.61,6.84,6.3,6.21,6.21,6.16,6.1
Panama,"(FAO) 1961-1999; (GlobalData, IWSR) 2000-2018",Beer,5.29,5.29,5.4,5.13,5.36,4.79,4.43,4.27,4.21,4.1
Panama,"(FAO) 1961-1999; (GlobalData, IWSR) 2000-2018",Wine,0.02,0.01,0.16,0.16,0.14,0.19,0.19,0.2,0.18,0.17
Panama,"(FAO) 1961-1999; (GlobalData, IWSR) 2000-2018",Spirits,1.2,1.24,1.21,1.3,1.31,1.3,1.57,1.72,1.75,1.8
Panama,"(FAO) 1961-1999; (GlobalData, IWSR) 2000-2018",Other alcoholic beverages,0.02,0.02,0.02,0.02,0.02,0.02,0.02,0.02,0.02,0.03
Paraguay,"(WDT) 1961-1999; (GlobalData, IWSR, OIV) 2000-2018",All types,5.47,5.54,5.49,5.34,5.21,5.39,5.62,5.8,6.14,6.27
Paraguay,"(WDT) 1961-1999; (GlobalData, IWSR, OIV) 2000-2018",Beer,3.27,3.27,3.23,3.14,3.12,3.16,3.19,3.2,3.31,3.27
Paraguay,"(WDT) 1961-1999; (GlobalData, IWSR, OIV) 2000-2018",Wine,0.59,0.6,0.61,0.52,0.41,0.47,0.64,0.79,0.96,1.14
Paraguay,"(WDT) 1961-1999; (GlobalData, IWSR, OIV) 2000-2018",Spirits,1.59,1.6,1.59,1.62,1.62,1.7,1.74,1.75,1.82,1.82
Paraguay,"(WDT) 1961-1999; (GlobalData, IWSR, OIV) 2000-2018",Other alcoholic beverages,0.03,0.07,0.07,0.06,0.06,0.06,0.05,0.05,0.05,0.04
Peru,"(WDT) 1961-1999; (FAO, GlobalData, IWSR, OIV) 2000-2018",All types,5.74,5.74,5.79,5.64,5.68,5.51,5.27,5.35,5.22,5.23
Peru,"(WDT) 1961-1999; (FAO, GlobalData, IWSR, OIV) 2000-2018",Beer,3.01,3.01,3.09,3.13,3.16,3.19,3.17,3.28,3.17,3.2
Peru,"(WDT) 1961-1999; (FAO, GlobalData, IWSR, OIV) 2000-2018",Wine,0.46,0.46,0.43,0.43,0.43,0.43,0.42,0.41,0.37,0.35
Peru,"(WDT) 1961-1999; (FAO, GlobalData, IWSR, OIV) 2000-2018",Spirits,2.26,2.26,2.26,2.07,2.08,1.88,1.67,1.65,1.67,1.68
Peru,"(WDT) 1961-1999; (FAO, GlobalData, IWSR, OIV) 2000-2018",Other alcoholic beverages,0.01,0.01,0.01,0.01,0.01,0.01,0.01,0.01,0.01,0.01
Saint Kitts and Nevis,"(FAO) 1990-1999; (GlobalData, IWSR) 2000-2018",All types,8.84,8.72,8.71,8.56,8.37,8.49,8.39,8.43,8.51,8.51
Saint Kitts and Nevis,"(FAO) 1990-1999; (GlobalData, IWSR) 2000-2018",Beer,3.73,3.73,3.72,3.38,3.25,3.32,3.34,3.35,3.37,3.39
Saint Kitts and Nevis,"(FAO) 1990-1999; (GlobalData, IWSR) 2000-2018",Wine,1.02,0.99,0.94,0.86,0.83,0.75,0.7,0.72,0.85,0.99
Saint Kitts and Nevis,"(FAO) 1990-1999; (GlobalData, IWSR) 2000-2018",Spirits,3.89,3.8,3.86,4.11,4.1,4.23,4.17,4.19,4.09,3.93
Saint Kitts and Nevis,"(FAO) 1990-1999; (GlobalData, IWSR) 2000-2018",Other alcoholic beverages,0.21,0.2,0.19,0.2,0.2,0.18,0.17,0.17,0.21,0.2
Saint Lucia,"(FAO) 1961-1999; (GlobalData, IWSR) 2000-2018",All types,9.3,9.3,9.67,9.43,9.23,9.18,8.93,9.62,9.94,10.33
Saint Lucia,"(FAO) 1961-1999; (GlobalData, IWSR) 2000-2018",Beer,3.21,3.21,3.42,3.4,3.32,3.24,3.24,3.24,3.23,3.26
Saint Lucia,"(FAO) 1961-1999; (GlobalData, IWSR) 2000-2018",Wine,0.4,0.4,0.66,0.52,0.62,0.76,0.64,0.9,0.9,0.98
Saint Lucia,"(FAO) 1961-1999; (GlobalData, IWSR) 2000-2018",Spirits,5.1,5.1,4.99,4.92,4.83,4.74,4.61,4.98,5.27,5.51
Saint Lucia,"(FAO) 1961-1999; (GlobalData, IWSR) 2000-2018",Other alcoholic beverages,0.6,0.6,0.59,0.6,0.45,0.45,0.44,0.49,0.53,0.58
Saint Vincent and the Grenadines,"(FAO) 1990-1999; (GlobalData, IWSR) 2000-2018",All types,7.48,7.51,7.81,7.78,7.41,7.12,6.96,6.81,7.04,7.19
Saint Vincent and the Grenadines,"(FAO) 1990-1999; (GlobalData, IWSR) 2000-2018",Beer,2.52,2.52,2.74,2.7,2.58,2.48,2.41,2.34,2.36,2.32
Saint Vincent and the Grenadines,"(FAO) 1990-1999; (GlobalData, IWSR) 2000-2018",Wine,0.24,0.25,0.36,0.44,0.44,0.37,0.24,0.19,0.3,0.52
Saint Vincent and the Grenadines,"(FAO) 1990-1999; (GlobalData, IWSR) 2000-2018",Spirits,4.48,4.52,4.49,4.42,4.21,4.1,4.15,4.15,4.27,4.22
Saint Vincent and the Grenadines,"(FAO) 1990-1999; (GlobalData, IWSR) 2000-2018",Other alcoholic beverages,0.23,0.21,0.21,0.22,0.18,0.17,0.16,0.13,0.12,0.14
Suriname,"(FAO) 1961-1999; (GlobalData, IWSR) 2000-2018",All types,6.6,5.97,5.86,5.69,4.75,5.39,5.84,5.79,5.69,5.27
Suriname,"(FAO) 1961-1999; (GlobalData, IWSR) 2000-2018",Beer,3.4,3.4,3.33,3.27,2.06,2.15,2.11,2.07,2.04,2.04
Suriname,"(FAO) 1961-1999; (GlobalData, IWSR) 2000-2018",Wine,0.14,0.12,0.12,0.11,0.12,0.14,0.13,0.2,0.23,0.14
Suriname,"(FAO) 1961-1999; (GlobalData, IWSR) 2000-2018",Spirits,2.87,2.31,2.3,2.19,2.44,2.94,3.37,3.3,3.22,2.91
Suriname,"(FAO) 1961-1999; (GlobalData, IWSR) 2000-2018",Other alcoholic beverages,0.18,0.13,0.11,0.11,0.13,0.15,0.22,0.22,0.2,0.17
Trinidad and Tobago,"(FAO) 1961-1999; (GlobalData, IWSR) 2000-2018",All types,5.81,5.69,5.58,5.72,5.97,5.9,5.85,5.89,5.79,5.79
Trinidad and Tobago,"(FAO) 1961-1999; (GlobalData, IWSR) 2000-2018",Beer,2.92,2.92,2.92,2.89,2.83,2.81,2.86,2.87,2.88,2.9
Trinidad and Tobago,"(FAO) 1961-1999; (GlobalData, IWSR) 2000-2018",Wine,0.16,0.18,0.16,0.24,0.31,0.24,0.17,0.13,0.11,0.1
Trinidad and Tobago,"(FAO) 1961-1999; (GlobalData, IWSR) 2000-2018",Spirits,2.65,2.49,2.41,2.48,2.71,2.74,2.73,2.8,2.72,2.71
Trinidad and Tobago,"(FAO) 1961-1999; (GlobalData, IWSR) 2000-2018",Other alcoholic beverages,0.09,0.09,0.1,0.1,0.11,0.11,0.09,0.09,0.08,0.08
United States of America,(NIAAA) 1961-2017,All types,8.93,8.93,8.89,8.89,8.78,8.78,8.81,8.85,8.66,8.56
United States of America,(NIAAA) 1961-2017,Beer,3.97,3.97,4.01,4.09,4.13,4.13,4.23,4.29,4.22,4.3
United States of America,(NIAAA) 1961-2017,Wine,1.67,1.67,1.67,1.67,1.59,1.63,1.59,1.6,1.55,1.45
United States of America,(NIAAA) 1961-2017,Spirits,3.29,3.29,3.22,3.14,3.07,3.03,2.99,2.96,2.89,2.81
United States of America,(NIAAA) 1961-2017,Other alcoholic beverages,0,0,0,0,0,0,0,0,0,0
Uruguay,"(WDT) 1961-1999; (DGI) , INV 2000-2018",All types,5.42,6.21,5.76,5.53,6,6.15,6.42,6.55,6.02,5.99
Uruguay,"(WDT) 1961-1999; (DGI) , INV 2000-2018",Beer,1.86,1.98,1.96,1.73,1.97,1.94,1.97,2.02,1.95,1.79
Uruguay,"(WDT) 1961-1999; (DGI) , INV 2000-2018",Wine,2.86,3.5,3.01,2.95,3.07,3.23,3.83,3.95,3.47,3.62
Uruguay,"(WDT) 1961-1999; (DGI) , INV 2000-2018",Spirits,0.71,0.73,0.79,0.85,0.96,0.97,0.62,0.59,0.61,0.58
Uruguay,"(WDT) 1961-1999; (DGI) , INV 2000-2018",Other alcoholic beverages,0,0,0,0,0,0,0,0,0,0
Venezuela (Bolivarian Republic of),"(WDT) 1961-1999; (GlobalData, IWSR) 2000-2018",All types,2.51,2.64,3.35,4.13,6.21,6.6,6.84,6.8,6.88,7.4
Venezuela (Bolivarian Republic of),"(WDT) 1961-1999; (GlobalData, IWSR) 2000-2018",Beer,1.54,1.54,2.03,2.84,4.88,5.08,5.04,4.96,5.14,5.58
Venezuela (Bolivarian Republic of),"(WDT) 1961-1999; (GlobalData, IWSR) 2000-2018",Wine,0.01,0.01,0.01,0.01,0.01,0.05,0.06,0.09,0.1,0.1
Venezuela (Bolivarian Republic of),"(WDT) 1961-1999; (GlobalData, IWSR) 2000-2018",Spirits,0.92,1.04,1.26,1.22,1.25,1.38,1.65,1.67,1.57,1.66
Venezuela (Bolivarian Republic of),"(WDT) 1961-1999; (GlobalData, IWSR) 2000-2018",Other alcoholic beverages,0.03,0.04,0.05,0.06,0.07,0.09,0.09,0.08,0.07,0.07
